{"cameraMode":{"drawMode":0,"name":"Shaded","section":"Shading Mode"},"sceneLighting":false,"audioPlay":false,"sceneViewState":{"m_AlwaysRefresh":false,"showFog":true,"showSkybox":false,"showFlares":true,"showImageEffects":true,"showParticleSystems":true,"showVisualEffectGraphs":true,"m_FxEnabled":true},"in2DMode":false,"pivot":{"x":0.0012375116348266602,"y":0.5172301530838013,"z":-0.0012375116348266602},"rotation":{"x":-0.05422469601035118,"y":0.9216915965080261,"z":-0.35801684856414797,"w":-0.1395370364189148},"size":0.8718952536582947,"orthographic":true}