{"cameraMode":{"drawMode":0,"name":"Shaded","section":"Shading Mode"},"sceneLighting":true,"audioPlay":false,"sceneViewState":{"m_AlwaysRefresh":false,"showFog":true,"showSkybox":true,"showFlares":true,"showImageEffects":true,"showParticleSystems":true,"showVisualEffectGraphs":true,"m_FxEnabled":true},"in2DMode":false,"pivot":{"x":19.358211517333986,"y":4.134922504425049,"z":17.031082153320314},"rotation":{"x":0.03669266030192375,"y":-0.959376871585846,"z":0.14793537557125092,"w":0.23780956864356996},"size":18.58039665222168,"orthographic":true}