{"cameraMode":{"drawMode":0,"name":"Shaded","section":"Shading Mode"},"sceneLighting":false,"audioPlay":false,"sceneViewState":{"m_AlwaysRefresh":false,"showFog":true,"showSkybox":false,"showFlares":true,"showImageEffects":true,"showParticleSystems":true,"showVisualEffectGraphs":true,"m_FxEnabled":true},"in2DMode":false,"pivot":{"x":0.4326052665710449,"y":2.2375168800354006,"z":-0.24234628677368165},"rotation":{"x":0.28550082445144656,"y":0.6482152342796326,"z":-0.2869710624217987,"w":0.6451497077941895},"size":13.417621612548829,"orthographic":true}