{"cameraMode":{"drawMode":0,"name":"Shaded","section":"Shading Mode"},"sceneLighting":false,"audioPlay":false,"sceneViewState":{"m_AlwaysRefresh":false,"showFog":true,"showSkybox":false,"showFlares":true,"showImageEffects":true,"showParticleSystems":true,"showVisualEffectGraphs":true,"m_FxEnabled":true},"in2DMode":false,"pivot":{"x":5.485730171203613,"y":2.5932998657226564,"z":-0.9061126708984375},"rotation":{"x":-0.04351138323545456,"y":0.9563798308372498,"z":-0.21285954117774964,"w":-0.19545967876911164},"size":11.496225357055664,"orthographic":true}