{"cameraMode":{"drawMode":0,"name":"Shaded","section":"Shading Mode"},"sceneLighting":true,"audioPlay":false,"sceneViewState":{"m_AlwaysRefresh":false,"showFog":true,"showSkybox":true,"showFlares":true,"showImageEffects":true,"showParticleSystems":true,"showVisualEffectGraphs":true,"m_FxEnabled":true},"in2DMode":false,"pivot":{"x":1.4669690132141114,"y":1.2668371200561524,"z":0.8500256538391113},"rotation":{"x":0.00632399832829833,"y":0.9916240572929382,"z":-0.11806350946426392,"w":0.053344279527664188},"size":3.7984492778778078,"orthographic":true}