{"cameraMode":{"drawMode":0,"name":"Shaded","section":"Shading Mode"},"sceneLighting":true,"audioPlay":false,"sceneViewState":{"m_AlwaysRefresh":false,"showFog":true,"showSkybox":true,"showFlares":true,"showImageEffects":true,"showParticleSystems":true,"showVisualEffectGraphs":true,"m_FxEnabled":true},"in2DMode":false,"pivot":{"x":64.23289489746094,"y":6.4430646896362309,"z":24.630977630615236},"rotation":{"x":-0.09722071886062622,"y":0.2457839697599411,"z":-0.024794312193989755,"w":-0.9641371369361877},"size":10.8363037109375,"orthographic":true}