{"cameraMode":{"drawMode":0,"name":"Shaded","section":"Shading Mode"},"sceneLighting":true,"audioPlay":false,"sceneViewState":{"m_AlwaysRefresh":false,"showFog":true,"showSkybox":true,"showFlares":true,"showImageEffects":true,"showParticleSystems":true,"showVisualEffectGraphs":true,"m_FxEnabled":true},"in2DMode":false,"pivot":{"x":66.31013488769531,"y":17.337173461914064,"z":28.814289093017579},"rotation":{"x":-0.13921867311000825,"y":0.35503605008125307,"z":-0.05351146310567856,"w":-0.922929048538208},"size":40.11302947998047,"orthographic":true}