{"cameraMode":{"drawMode":0,"name":"Shaded","section":"Shading Mode"},"sceneLighting":true,"audioPlay":false,"sceneViewState":{"m_AlwaysRefresh":false,"showFog":true,"showSkybox":true,"showFlares":true,"showImageEffects":true,"showParticleSystems":true,"showVisualEffectGraphs":true,"m_FxEnabled":true},"in2DMode":false,"pivot":{"x":68.5999984741211,"y":11.039999961853028,"z":28.420000076293947},"rotation":{"x":-0.34782522916793826,"y":0.16970141232013703,"z":-0.0641610324382782,"w":-0.9198858737945557},"size":4.6191606521606449,"orthographic":true}