{"cameraMode":{"drawMode":0,"name":"Shaded","section":"Shading Mode"},"sceneLighting":true,"audioPlay":false,"sceneViewState":{"m_AlwaysRefresh":false,"showFog":true,"showSkybox":true,"showFlares":true,"showImageEffects":true,"showParticleSystems":true,"showVisualEffectGraphs":true,"m_FxEnabled":true},"in2DMode":false,"pivot":{"x":3.2025856971740724,"y":0.5080606937408447,"z":0.3757309317588806},"rotation":{"x":0.0005793162854388356,"y":0.9983755946159363,"z":-0.058173250406980517,"w":0.010486015118658543},"size":1.185070514678955,"orthographic":true}