{"cameraMode":{"drawMode":0,"name":"Shaded","section":"Shading Mode"},"sceneLighting":false,"audioPlay":false,"sceneViewState":{"m_AlwaysRefresh":false,"showFog":true,"showSkybox":false,"showFlares":true,"showImageEffects":true,"showParticleSystems":true,"showVisualEffectGraphs":true,"m_FxEnabled":true},"in2DMode":false,"pivot":{"x":1.7249362468719483,"y":2.843196392059326,"z":-1.8558988571166993},"rotation":{"x":-0.061569709330797198,"y":0.9384387135505676,"z":-0.2476293444633484,"w":-0.23321035504341126},"size":8.286422729492188,"orthographic":true}