{"cameraMode":{"drawMode":0,"name":"Shaded","section":"Shading Mode"},"sceneLighting":false,"audioPlay":false,"sceneViewState":{"m_AlwaysRefresh":false,"showFog":true,"showSkybox":false,"showFlares":true,"showImageEffects":true,"showParticleSystems":true,"showVisualEffectGraphs":true,"m_FxEnabled":true},"in2DMode":false,"pivot":{"x":-0.6986496448516846,"y":2.52184796333313,"z":-0.013629913330078125},"rotation":{"x":-0.040073465555906299,"y":0.9585875272750855,"z":-0.1717703640460968,"w":-0.22363771498203278},"size":10.017349243164063,"orthographic":false}